slug,name,category,website,status,note
mk-restaurants,MK Restaurants,food,https://www.mkrestaurant.com,poc,
sizzler-th,Sizzler Thailand,food,https://www.sizzler.co.th,poc,
swensens,Swensen's,food,https://www.swensens1112.com,poc,
after-you,After You,food,https://www.afteryoudessertcafe.com,poc,
bonchon-th,Bonchon,food,https://www.bonchon.co.th,todo,
oishi-restaurants,Oishi (Shabushi/Oishi Grand/Ramen),food,https://www.oishigroup.com,todo,เครือเดียวหลายร้าน
bar-b-q-plaza,Bar B Q Plaza,food,https://www.barbqplaza.com,todo,
sukishi,Sukishi,food,https://www.sukishi.co.th,todo,
zen-restaurant,ZEN Japanese Restaurant,food,https://www.zengroup.co.th,todo,
fuji-restaurant,Fuji Japanese Restaurant,food,https://www.fuji.co.th,todo,
pizza-hut-th,Pizza Hut Thailand,food,https://www.pizzahut.co.th,todo,
the-pizza-company,The Pizza Company,food,https://www.1112.com,todo,
kfc-th,KFC Thailand,food,https://www.kfc.co.th,todo,POC: FAQ ไม่มีรายละเอียดวันเกิด
mcdonalds-th,McDonald's Thailand,food,https://www.mcthai.co.th,todo,
burger-king-th,Burger King Thailand,food,https://www.burgerking.co.th,todo,
chesters,Chester's,food,https://www.chesters.co.th,todo,
texas-chicken-th,Texas Chicken Thailand,food,https://www.texaschicken.co.th,todo,
s-and-p,S&P,food,https://www.snpfood.com,todo,
santa-fe-steak,Santa Fe' Steak,food,https://www.santafesteak.co.th,todo,
jeffer-steak,Jeffer Steak,food,https://www.jeffersteak.com,todo,
coco-ichibanya-th,CoCo Ichibanya Thailand,food,https://www.cocoichibanya.co.th,todo,
sushiro-th,Sushiro Thailand,food,https://www.sushiro.co.th,todo,
daidomon,Daidomon,food,https://www.daidomon.co.th,todo,
greyhound-cafe,Greyhound Cafe,food,https://www.greyhoundcafe.co.th,todo,
hot-pot,Hot Pot,food,https://www.hotpot.co.th,todo,
mo-mo-paradise,Mo-Mo-Paradise,food,https://www.mo-mo-paradise.com,todo,
shinkanzen-sushi,Shinkanzen Sushi,food,https://www.shinkanzensushi.com,todo,
hachiban-ramen,Hachiban Ramen,food,https://www.hachiban.co.th,todo,
coca-restaurant,COCA Restaurant,food,https://www.coca.com,todo,
pepper-lunch-th,Pepper Lunch Thailand,food,https://www.pepperlunch.co.th,todo,
ootoya-th,Ootoya Thailand,food,https://www.ootoya.co.th,todo,
yoshinoya-th,Yoshinoya Thailand,food,https://www.yoshinoya.co.th,todo,
gyu-kaku-th,Gyu-Kaku Thailand,food,https://www.gyu-kaku.co.th,todo,
dunkin-th,Dunkin' Thailand,food,https://www.dunkindonuts.co.th,todo,
krispy-kreme-th,Krispy Kreme Thailand,food,https://www.krispykreme.co.th,todo,
starbucks-th,Starbucks Thailand,drink,https://www.starbucks.co.th,poc,
cafe-amazon,Café Amazon,drink,https://www.cafe-amazon.com,poc,
black-canyon,Black Canyon Coffee,drink,https://www.blackcanyoncoffee.com,todo,
inthanin,Inthanin Coffee,drink,https://www.inthanincoffee.com,todo,
punthai,Punthai Coffee,drink,https://www.punthaicoffee.com,todo,
true-coffee,TrueCoffee,drink,https://www.truecoffee.co.th,todo,
chao-doi,Chao Doi Coffee,drink,https://www.chaodoi.co.th,todo,
cha-tra-mue,ChaTraMue,drink,https://www.chatramue.com,todo,
koi-the-th,KOI Thé Thailand,drink,https://www.koithe.com,todo,
tim-hortons-th,Tim Hortons Thailand,drink,https://www.timhortons.co.th,todo,
kamu-tea,Kamu Tea,drink,https://www.kamutea.com,todo,
watsons-th,Watsons,beauty,https://www.watsons.co.th,poc,
boots-th,Boots Thailand,beauty,https://www.boots.co.th,todo,
eveandboy,EVEANDBOY,beauty,https://www.eveandboy.com,todo,
beautrium,Beautrium,beauty,https://www.beautrium.co.th,todo,
sephora-th,Sephora Thailand,beauty,https://www.sephora.co.th,todo,
the-body-shop-th,The Body Shop Thailand,beauty,https://www.thebodyshop.co.th,todo,
oriental-princess,Oriental Princess,beauty,https://www.orientalprincess.com,todo,
cute-press,Cute Press,beauty,https://www.cutepress.com,todo,
mac-th,M·A·C Thailand,beauty,https://www.maccosmetics.co.th,todo,
clinique-th,Clinique Thailand,beauty,https://www.clinique.co.th,todo,
kiehls-th,Kiehl's Thailand,beauty,https://www.kiehls.co.th,todo,
lancome-th,Lancôme Thailand,beauty,https://www.lancome.co.th,todo,
konvy,Konvy,beauty,https://www.konvy.com,todo,
tsuruha-th,Tsuruha Thailand,beauty,https://www.tsuruha.co.th,todo,
7eleven-all-member,7-Eleven ALL member,retail,https://www.7eleven.co.th,poc,
the1,The 1 (Central Group),retail,https://www.the1.co.th,todo,POC: หน้าสมาชิกไม่มีสิทธิ์วันเกิด
robinson,Robinson,retail,https://www.robinson.co.th,todo,
big-c,Big C,retail,https://www.bigc.co.th,todo,
lotuss,Lotus's,retail,https://www.lotuss.com,todo,
tops,Tops,retail,https://www.tops.co.th,todo,
king-power,King Power,retail,https://www.kingpower.com,todo,ระวังสับสนกับโปรวันเกิดห้าง
onesiam,ONESIAM (Siam Paragon/Icon),retail,https://www.onesiam.com,todo,
uniqlo-th,UNIQLO Thailand,retail,https://www.uniqlo.com/th,todo,
homepro,HomePro,retail,https://www.homepro.co.th,todo,
powerbuy,Power Buy,retail,https://www.powerbuy.co.th,todo,
b2s,B2S,retail,https://www.b2s.co.th,todo,
gsb-credit-card,บัตรเครดิตออมสิน (GSB),bank,https://www.gsb.or.th,poc,
ktc,KTC,bank,https://www.ktc.co.th,todo,POC: เจอแค่โปรวันเกิดร้านค้า
kbank,KBank,bank,https://www.kasikornbank.com,todo,
scb,SCB,bank,https://www.scb.co.th,todo,
bbl,Bangkok Bank,bank,https://www.bangkokbank.com,todo,
krungsri,Krungsri,bank,https://www.krungsri.com,todo,POC: krungsricard.com TLS ล้มเหลว
krungthai,Krungthai,bank,https://krungthai.com,todo,
uob-th,UOB Thailand,bank,https://www.uob.co.th,todo,
ttb,ttb,bank,https://www.ttbbank.com,todo,
cimb-th,CIMB Thai,bank,https://www.cimbthai.com,todo,
aeon-th,AEON Thailand,bank,https://www.aeon.co.th,todo,
kkp,Kiatnakin Phatra,bank,https://www.kkpfg.com,todo,
major-cineplex,Major Cineplex,entertainment,https://www.majorcineplex.com,poc,
sf-cinema,SF Cinema,entertainment,https://www.sfcinema.com,todo,
dreamworld,Dream World,entertainment,https://www.dreamworld.co.th,todo,
siam-amazing-park,Siam Amazing Park,entertainment,https://www.siamamazingpark.com,todo,
sea-life-bangkok,SEA LIFE Bangkok,entertainment,https://www.visitsealife.com/bangkok,todo,
madame-tussauds-bangkok,Madame Tussauds Bangkok,entertainment,https://www.madametussauds.com/bangkok,todo,
fitness-first-th,Fitness First Thailand,entertainment,https://www.fitnessfirst.co.th,todo,
virgin-active-th,Virgin Active Thailand,entertainment,https://www.virginactive.co.th,todo,
jetts-th,Jetts Thailand,entertainment,https://www.jetts.co.th,todo,
harborland,HarborLand,entertainment,https://www.harborlandgroup.com,todo,
grab-th,Grab Thailand,app,https://www.grab.com/th,todo,
foodpanda-th,foodpanda Thailand,app,https://www.foodpanda.co.th,todo,
shopee-th,Shopee Thailand,app,https://shopee.co.th,todo,
lazada-th,Lazada Thailand,app,https://www.lazada.co.th,todo,
truemoney,TrueMoney,app,https://www.truemoney.com,todo,
true-privilege,True Privilege,app,https://www.true.th,todo,
ais-points,AIS Points / Serenade,app,https://www.ais.th,todo,
robinhood,Robinhood,app,https://www.robinhood.in.th,todo,
zoo-thailand,องค์การสวนสัตว์,gov,https://www.zoothailand.org,todo,เช็คว่ามีเข้าฟรีวันเกิดไหม
fine-arts-museums,พิพิธภัณฑสถานแห่งชาติ (กรมศิลปากร),gov,https://www.finearts.go.th,todo,
nsm,องค์การพิพิธภัณฑ์วิทยาศาสตร์แห่งชาติ,gov,https://www.nsm.or.th,todo,
bts,BTS / Rabbit,gov,https://www.bts.co.th,todo,ขนส่งสาธารณะ
mrt,MRT (BEM),gov,https://metro.bemplc.co.th,todo,ขนส่งสาธารณะ
